{"mean":{"confidence_interval":{"confidence_level":0.95,"lower_bound":0.11836429209380737,"upper_bound":0.22957776134437516},"point_estimate":0.170008352968255,"standard_error":0.028656498731563406},"median":{"confidence_interval":{"confidence_level":0.95,"lower_bound":0.05532897163516407,"upper_bound":0.11971467303050165},"point_estimate":0.08149896749176722,"standard_error":0.019887026663457742}}