{"mean":{"confidence_interval":{"confidence_level":0.95,"lower_bound":-0.17703264634250582,"upper_bound":-0.1450734705682097},"point_estimate":-0.16325841076595204,"standard_error":0.0082992882469904},"median":{"confidence_interval":{"confidence_level":0.95,"lower_bound":-0.17939974083184873,"upper_bound":-0.17281853313374343},"point_estimate":-0.17583089294758336,"standard_error":0.0015573838210991636}}