{"mean":{"confidence_interval":{"confidence_level":0.95,"lower_bound":-0.006632640063686359,"upper_bound":-0.002234739591230106},"point_estimate":-0.004379602090650692,"standard_error":0.0011165439907042845},"median":{"confidence_interval":{"confidence_level":0.95,"lower_bound":-0.007359951764526307,"upper_bound":-0.003010803406872431},"point_estimate":-0.00547927031622053,"standard_error":0.0012020016272957876}}