{"mean":{"confidence_interval":{"confidence_level":0.95,"lower_bound":2170.558642309035,"upper_bound":2180.4177104310156},"point_estimate":2175.2062331367115,"standard_error":2.522302562860318},"median":{"confidence_interval":{"confidence_level":0.95,"lower_bound":2164.0400738951257,"upper_bound":2170.6607929515417},"point_estimate":2166.7446265188555,"standard_error":1.8530717397466805},"median_abs_dev":{"confidence_interval":{"confidence_level":0.95,"lower_bound":9.738601148690869,"upper_bound":19.966011283044377},"point_estimate":14.674505336668293,"standard_error":2.5496150886961964},"slope":{"confidence_interval":{"confidence_level":0.95,"lower_bound":2172.540754571872,"upper_bound":2187.0866675090697},"point_estimate":2179.3118229240245,"standard_error":3.7164173474619386},"std_dev":{"confidence_interval":{"confidence_level":0.95,"lower_bound":17.531484953243936,"upper_bound":32.1731003072579},"point_estimate":25.365980224882332,"standard_error":3.747936265774373}}