{"mean":{"confidence_interval":{"confidence_level":0.95,"lower_bound":861.5352360850986,"upper_bound":866.1638963250591},"point_estimate":863.7877658057729,"standard_error":1.1827014186074354},"median":{"confidence_interval":{"confidence_level":0.95,"lower_bound":861.4053625069838,"upper_bound":865.3502442273534},"point_estimate":863.3852758059425,"standard_error":1.0765475202580035},"median_abs_dev":{"confidence_interval":{"confidence_level":0.95,"lower_bound":6.611218912526395,"upper_bound":11.473645886251743},"point_estimate":9.331774509816624,"standard_error":1.1895461379710108},"slope":{"confidence_interval":{"confidence_level":0.95,"lower_bound":858.0966146162951,"upper_bound":861.9658908558448},"point_estimate":859.9731693431266,"standard_error":0.9861897513143808},"std_dev":{"confidence_interval":{"confidence_level":0.95,"lower_bound":9.149535219140624,"upper_bound":14.562326437686618},"point_estimate":11.818270957851766,"standard_error":1.3974819620180745}}