{"mean":{"confidence_interval":{"confidence_level":0.95,"lower_bound":3330.4339248200426,"upper_bound":3409.207099404316},"point_estimate":3366.4319479777373,"standard_error":20.194087748029702},"median":{"confidence_interval":{"confidence_level":0.95,"lower_bound":3282.618554668244,"upper_bound":3303.7762043592948},"point_estimate":3293.321995464853,"standard_error":5.505788645311979},"median_abs_dev":{"confidence_interval":{"confidence_level":0.95,"lower_bound":22.735428447175668,"upper_bound":51.377707140952865},"point_estimate":35.48243493637847,"standard_error":7.445831196548175},"slope":{"confidence_interval":{"confidence_level":0.95,"lower_bound":3313.838598644445,"upper_bound":3366.204614540009},"point_estimate":3338.0376909149945,"standard_error":13.403749708142247},"std_dev":{"confidence_interval":{"confidence_level":0.95,"lower_bound":117.85007063560478,"upper_bound":274.2035148143713},"point_estimate":202.21979706422863,"standard_error":39.905442468394185}}