{"mean":{"confidence_interval":{"confidence_level":0.95,"lower_bound":-0.009189732724885102,"upper_bound":0.0011789744677859104},"point_estimate":-0.003787940178905269,"standard_error":0.0026587678483321574},"median":{"confidence_interval":{"confidence_level":0.95,"lower_bound":0.00012417325481428598,"upper_bound":0.005246706573454274},"point_estimate":0.003601550864034797,"standard_error":0.0012954778983760636}}