{"mean":{"confidence_interval":{"confidence_level":0.95,"lower_bound":-0.07803080020433019,"upper_bound":-0.05113258417725186},"point_estimate":-0.0641426746326299,"standard_error":0.006880374452043949},"median":{"confidence_interval":{"confidence_level":0.95,"lower_bound":-0.043507746351705734,"upper_bound":-0.02768587095356123},"point_estimate":-0.03072065129144974,"standard_error":0.004384912549774531}}