{"mean":{"confidence_interval":{"confidence_level":0.95,"lower_bound":0.029252941227932434,"upper_bound":0.0701762450227166},"point_estimate":0.048642984315897086,"standard_error":0.010508361233639815},"median":{"confidence_interval":{"confidence_level":0.95,"lower_bound":0.015886713831089562,"upper_bound":0.049538866101310974},"point_estimate":0.030640542990659547,"standard_error":0.008300544222783781}}