{"mean":{"confidence_interval":{"confidence_level":0.95,"lower_bound":-0.03458847072062572,"upper_bound":0.016672206547073052},"point_estimate":-0.008421607662532082,"standard_error":0.013149461544228743},"median":{"confidence_interval":{"confidence_level":0.95,"lower_bound":-0.024564708289765314,"upper_bound":0.013551298136041723},"point_estimate":-0.004608176374779727,"standard_error":0.009709762247993527}}