{"mean":{"confidence_interval":{"confidence_level":0.95,"lower_bound":-0.015360390994104483,"upper_bound":0.00644035172590791},"point_estimate":-0.004058599473228619,"standard_error":0.005569269529614239},"median":{"confidence_interval":{"confidence_level":0.95,"lower_bound":-0.011430555426433564,"upper_bound":-0.0012312916418512065},"point_estimate":-0.007111638909942597,"standard_error":0.0026388525062542353}}