{"mean":{"confidence_interval":{"confidence_level":0.95,"lower_bound":0.0017362777541781922,"upper_bound":0.010750391656787055},"point_estimate":0.006366780162129659,"standard_error":0.0023030404567709406},"median":{"confidence_interval":{"confidence_level":0.95,"lower_bound":0.001174455800219798,"upper_bound":0.013337308418942095},"point_estimate":0.006866964540377163,"standard_error":0.0030816684227827173}}