{"mean":{"confidence_interval":{"confidence_level":0.95,"lower_bound":-0.16168321903170155,"upper_bound":-0.10837578541906837},"point_estimate":-0.13617353529467113,"standard_error":0.013849033180875728},"median":{"confidence_interval":{"confidence_level":0.95,"lower_bound":-0.17947863357052826,"upper_bound":-0.16675452804546065},"point_estimate":-0.1742641956879335,"standard_error":0.00329994476323611}}