{"mean":{"confidence_interval":{"confidence_level":0.95,"lower_bound":0.146644568613858,"upper_bound":0.23032180758468895},"point_estimate":0.18597590811866627,"standard_error":0.02147540404160915},"median":{"confidence_interval":{"confidence_level":0.95,"lower_bound":0.0900435621458472,"upper_bound":0.13100185471603498},"point_estimate":0.1114079056474171,"standard_error":0.010429748385709568}}