{"mean":{"confidence_interval":{"confidence_level":0.95,"lower_bound":-0.10616064336224575,"upper_bound":-0.06868887547213602},"point_estimate":-0.08694692557778305,"standard_error":0.009605479452071611},"median":{"confidence_interval":{"confidence_level":0.95,"lower_bound":-0.055035381897442316,"upper_bound":-0.030693363765536663},"point_estimate":-0.04313733487218796,"standard_error":0.0070403723353645925}}