{"mean":{"confidence_interval":{"confidence_level":0.95,"lower_bound":-0.016619277965069987,"upper_bound":-0.006841740382656984},"point_estimate":-0.011673297453821618,"standard_error":0.0024940728426458645},"median":{"confidence_interval":{"confidence_level":0.95,"lower_bound":-0.012107391419352909,"upper_bound":-0.005203178749171755},"point_estimate":-0.00877890631442313,"standard_error":0.001712579739708594}}