{"mean":{"confidence_interval":{"confidence_level":0.95,"lower_bound":0.011253599046025587,"upper_bound":0.03655847068142948},"point_estimate":0.02361425440156828,"standard_error":0.006309936103062461},"median":{"confidence_interval":{"confidence_level":0.95,"lower_bound":0.024213381025955716,"upper_bound":0.030200076421217036},"point_estimate":0.026820863151277408,"standard_error":0.0015150921767057303}}