{"mean":{"confidence_interval":{"confidence_level":0.95,"lower_bound":-0.004286412495895393,"upper_bound":0.0057164153099907},"point_estimate":0.0004762321782665335,"standard_error":0.0025933812253513206},"median":{"confidence_interval":{"confidence_level":0.95,"lower_bound":-0.008691959809463912,"upper_bound":0.00023367965022713655},"point_estimate":-0.004372240244495673,"standard_error":0.0024042414900514518}}