{"mean":{"confidence_interval":{"confidence_level":0.95,"lower_bound":-0.02793436127772689,"upper_bound":-0.0028813651787802305},"point_estimate":-0.015335415973658617,"standard_error":0.006417839035458231},"median":{"confidence_interval":{"confidence_level":0.95,"lower_bound":-0.014343616063203779,"upper_bound":0.0027478249622283624},"point_estimate":-0.007621788382771277,"standard_error":0.004336748527290208}}