{"mean":{"confidence_interval":{"confidence_level":0.95,"lower_bound":-0.010579211342881197,"upper_bound":0.020350339156678075},"point_estimate":0.004789832549791262,"standard_error":0.0077886876236606725},"median":{"confidence_interval":{"confidence_level":0.95,"lower_bound":-0.011925295729514682,"upper_bound":0.01787071783977523},"point_estimate":0.0004814079592931897,"standard_error":0.007742405388504803}}