{"mean":{"confidence_interval":{"confidence_level":0.95,"lower_bound":0.007497273322614507,"upper_bound":0.028003192180006027},"point_estimate":0.018332066633122812,"standard_error":0.005251556374368977},"median":{"confidence_interval":{"confidence_level":0.95,"lower_bound":0.01655634761075686,"upper_bound":0.03305636672690723},"point_estimate":0.02635856357803057,"standard_error":0.004270818063599247}}