{"mean":{"confidence_interval":{"confidence_level":0.95,"lower_bound":-0.0016051705413012787,"upper_bound":0.01026006792712024},"point_estimate":0.004641182034392122,"standard_error":0.0030186796742349017},"median":{"confidence_interval":{"confidence_level":0.95,"lower_bound":0.0006806743177076857,"upper_bound":0.008770193863930853},"point_estimate":0.0063584154149003425,"standard_error":0.0020069925479912465}}