{"mean":{"confidence_interval":{"confidence_level":0.95,"lower_bound":-0.09344317970454508,"upper_bound":-0.06145628343939932},"point_estimate":-0.07551999327006542,"standard_error":0.008234027567291989},"median":{"confidence_interval":{"confidence_level":0.95,"lower_bound":-0.06257931015653273,"upper_bound":-0.05437630706053831},"point_estimate":-0.05795451957441844,"standard_error":0.002178985908325064}}