{"mean":{"confidence_interval":{"confidence_level":0.95,"lower_bound":0.10375976501008949,"upper_bound":0.14245911582455056},"point_estimate":0.12453840291262974,"standard_error":0.009897184386811133},"median":{"confidence_interval":{"confidence_level":0.95,"lower_bound":0.11165748375914153,"upper_bound":0.12327416301862859},"point_estimate":0.11674952297143304,"standard_error":0.0029840601379513866}}