{"mean":{"confidence_interval":{"confidence_level":0.95,"lower_bound":854.2961741407725,"upper_bound":858.2923440455095},"point_estimate":856.1630028393104,"standard_error":1.023458963189609},"median":{"confidence_interval":{"confidence_level":0.95,"lower_bound":852.6459627329192,"upper_bound":855.9378881987577},"point_estimate":854.0777173913043,"standard_error":0.9097063246377756},"median_abs_dev":{"confidence_interval":{"confidence_level":0.95,"lower_bound":5.880472425102853,"upper_bound":9.173572579611367},"point_estimate":7.7242798274293625,"standard_error":0.8450209964220491},"slope":{"confidence_interval":{"confidence_level":0.95,"lower_bound":852.435910351998,"upper_bound":860.0100448350563},"point_estimate":855.8748404340758,"standard_error":1.9554300591137812},"std_dev":{"confidence_interval":{"confidence_level":0.95,"lower_bound":6.383418683564558,"upper_bound":13.534986689310529},"point_estimate":10.237951447333383,"standard_error":1.8250108650986863}}