{"mean":{"confidence_interval":{"confidence_level":0.95,"lower_bound":-0.011199522252644003,"upper_bound":-0.0004403038846702448},"point_estimate":-0.005616756083090979,"standard_error":0.002736392297997919},"median":{"confidence_interval":{"confidence_level":0.95,"lower_bound":-0.007749588940179963,"upper_bound":0.0016623011763863271},"point_estimate":-0.0015314970699631392,"standard_error":0.002637318953159565}}