{"mean":{"confidence_interval":{"confidence_level":0.95,"lower_bound":-0.10801552064862346,"upper_bound":-0.05457118801685586},"point_estimate":-0.08048837829543276,"standard_error":0.013661486044863851},"median":{"confidence_interval":{"confidence_level":0.95,"lower_bound":-0.03062386145523044,"upper_bound":-0.015578823874734193},"point_estimate":-0.023072078410649177,"standard_error":0.004362507587878895}}