{"mean":{"confidence_interval":{"confidence_level":0.95,"lower_bound":-0.0837040731451623,"upper_bound":-0.045143499136562355},"point_estimate":-0.06364694978481222,"standard_error":0.009890442651280563},"median":{"confidence_interval":{"confidence_level":0.95,"lower_bound":-0.023757295535299903,"upper_bound":-0.012755864525465609},"point_estimate":-0.015881827049342823,"standard_error":0.003228549314588051}}