{"mean":{"confidence_interval":{"confidence_level":0.95,"lower_bound":-0.21376971859014327,"upper_bound":-0.19595558068950925},"point_estimate":-0.20361253744775276,"standard_error":0.004602268769256316},"median":{"confidence_interval":{"confidence_level":0.95,"lower_bound":-0.19923497342236862,"upper_bound":-0.19279989259092134},"point_estimate":-0.19622487158200763,"standard_error":0.0016674517671396501}}