{"mean":{"confidence_interval":{"confidence_level":0.95,"lower_bound":-0.023390667917096347,"upper_bound":-0.017149931162724782},"point_estimate":-0.02017732372042469,"standard_error":0.0015937047595926677},"median":{"confidence_interval":{"confidence_level":0.95,"lower_bound":-0.01919005348060721,"upper_bound":-0.014803745890577202},"point_estimate":-0.016313345740425533,"standard_error":0.0012273072244857021}}