{"mean":{"confidence_interval":{"confidence_level":0.95,"lower_bound":-0.006172400891800805,"upper_bound":0.004595294815972624},"point_estimate":-0.0007075307504572637,"standard_error":0.0027504347327385256},"median":{"confidence_interval":{"confidence_level":0.95,"lower_bound":-0.0022308652668040496,"upper_bound":0.009438314555177074},"point_estimate":0.003908218732887603,"standard_error":0.002998127321854102}}