{"mean":{"confidence_interval":{"confidence_level":0.95,"lower_bound":8255.0373678151,"upper_bound":8331.344101348916},"point_estimate":8290.85681336545,"standard_error":19.580032913571728},"median":{"confidence_interval":{"confidence_level":0.95,"lower_bound":8206.274301873453,"upper_bound":8262.931479349669},"point_estimate":8233.155368844658,"standard_error":16.094045282311484},"median_abs_dev":{"confidence_interval":{"confidence_level":0.95,"lower_bound":38.79836781596311,"upper_bound":112.14841327228159},"point_estimate":62.71028891009451,"standard_error":21.19858709082155},"slope":{"confidence_interval":{"confidence_level":0.95,"lower_bound":8246.105692713389,"upper_bound":8367.789947761614},"point_estimate":8300.046358200789,"standard_error":31.424129842289332},"std_dev":{"confidence_interval":{"confidence_level":0.95,"lower_bound":93.00322842326446,"upper_bound":177.12419080517415},"point_estimate":140.0138280450775,"standard_error":21.540015224134038}}