{"mean":{"confidence_interval":{"confidence_level":0.95,"lower_bound":14049.34418152886,"upper_bound":14537.896469222822},"point_estimate":14281.543164095227,"standard_error":124.64459739919744},"median":{"confidence_interval":{"confidence_level":0.95,"lower_bound":13683.47619047619,"upper_bound":13898.864468864469},"point_estimate":13783.269557823129,"standard_error":52.29841189962872},"median_abs_dev":{"confidence_interval":{"confidence_level":0.95,"lower_bound":313.4431105725509,"upper_bound":711.0462141513915},"point_estimate":448.0842005727947,"standard_error":103.11443038446892},"slope":{"confidence_interval":{"confidence_level":0.95,"lower_bound":13940.127069439563,"upper_bound":14536.245761380145},"point_estimate":14213.478456374422,"standard_error":151.72680135160203},"std_dev":{"confidence_interval":{"confidence_level":0.95,"lower_bound":906.5935373868988,"upper_bound":1534.6814039482726},"point_estimate":1248.540683348542,"standard_error":160.70920824409347}}