{"mean":{"confidence_interval":{"confidence_level":0.95,"lower_bound":13287.677643899431,"upper_bound":13363.747251560262},"point_estimate":13323.370052670345,"standard_error":19.427038323191514},"median":{"confidence_interval":{"confidence_level":0.95,"lower_bound":13256.5082323703,"upper_bound":13310.08035062089},"point_estimate":13275.986004766492,"standard_error":17.594844221473878},"median_abs_dev":{"confidence_interval":{"confidence_level":0.95,"lower_bound":87.38374970836381,"upper_bound":162.87968552660084},"point_estimate":112.82863209252596,"standard_error":20.384662711989378},"slope":{"confidence_interval":{"confidence_level":0.95,"lower_bound":13253.990334754451,"upper_bound":13306.792789614867},"point_estimate":13279.543811581641,"standard_error":13.491080495425237},"std_dev":{"confidence_interval":{"confidence_level":0.95,"lower_bound":130.3607803608472,"upper_bound":260.2932741950564},"point_estimate":195.44485041080983,"standard_error":34.06748663434772}}