{"mean":{"confidence_interval":{"confidence_level":0.95,"lower_bound":-0.05334901824303251,"upper_bound":-0.026080904850102997},"point_estimate":-0.03960188725903935,"standard_error":0.006956111207708574},"median":{"confidence_interval":{"confidence_level":0.95,"lower_bound":-0.02644563809839351,"upper_bound":-0.022296454166253032},"point_estimate":-0.02437071235714172,"standard_error":0.0010634130975397443}}