{"mean":{"confidence_interval":{"confidence_level":0.95,"lower_bound":-0.007623457597089758,"upper_bound":-0.00006728024508419786},"point_estimate":-0.0037753564102588344,"standard_error":0.0019229445691855977},"median":{"confidence_interval":{"confidence_level":0.95,"lower_bound":-0.004053678460449461,"upper_bound":0.00047073385838780624},"point_estimate":-0.0016531107032718984,"standard_error":0.001150712900601529}}