{"mean":{"confidence_interval":{"confidence_level":0.95,"lower_bound":-0.025161640961952576,"upper_bound":-0.010677642978517162},"point_estimate":-0.01771290841514994,"standard_error":0.0036979619889913598},"median":{"confidence_interval":{"confidence_level":0.95,"lower_bound":-0.0216856000532879,"upper_bound":-0.00821775233872745},"point_estimate":-0.015025875909503883,"standard_error":0.0033493146191834098}}