{"mean":{"confidence_interval":{"confidence_level":0.95,"lower_bound":-0.13666672692693005,"upper_bound":-0.08164279429895738},"point_estimate":-0.11207316719947158,"standard_error":0.01397144827850946},"median":{"confidence_interval":{"confidence_level":0.95,"lower_bound":-0.16153596108212387,"upper_bound":-0.150466549672311},"point_estimate":-0.1565929200113132,"standard_error":0.002759823302465291}}