{"mean":{"confidence_interval":{"confidence_level":0.95,"lower_bound":-0.018360378650738935,"upper_bound":0.016661312037908757},"point_estimate":-0.0015528853228311545,"standard_error":0.008832880957489107},"median":{"confidence_interval":{"confidence_level":0.95,"lower_bound":-0.0028685709683052983,"upper_bound":0.000981648030193405},"point_estimate":-0.001070884495397939,"standard_error":0.0009706880334229316}}