{"mean":{"confidence_interval":{"confidence_level":0.95,"lower_bound":-0.0505953065113754,"upper_bound":-0.044029216444864676},"point_estimate":-0.04728137950018041,"standard_error":0.0016719475277705953},"median":{"confidence_interval":{"confidence_level":0.95,"lower_bound":-0.04953474377080726,"upper_bound":-0.04618143901864158},"point_estimate":-0.04835842236417309,"standard_error":0.000844839640098272}}