{"mean":{"confidence_interval":{"confidence_level":0.95,"lower_bound":21422939.65,"upper_bound":22120365.6},"point_estimate":21753443.5,"standard_error":178126.83613637858},"median":{"confidence_interval":{"confidence_level":0.95,"lower_bound":20790950.0,"upper_bound":21185900.0},"point_estimate":20938700.0,"standard_error":108985.75746929494},"median_abs_dev":{"confidence_interval":{"confidence_level":0.95,"lower_bound":415127.9926300049,"upper_bound":995380.5573284626},"point_estimate":647488.4735047817,"standard_error":150305.37611115875},"slope":null,"std_dev":{"confidence_interval":{"confidence_level":0.95,"lower_bound":1312426.528543869,"upper_bound":2276334.8461973127},"point_estimate":1801573.6824834335,"standard_error":247393.58762061573}}