{"mean":{"confidence_interval":{"confidence_level":0.95,"lower_bound":1082.3527074286926,"upper_bound":1085.9452185690914},"point_estimate":1084.166172468932,"standard_error":0.9147986026166279},"median":{"confidence_interval":{"confidence_level":0.95,"lower_bound":1083.3655830753355,"upper_bound":1084.997622211799},"point_estimate":1084.0463124838125,"standard_error":0.4072358723312908},"median_abs_dev":{"confidence_interval":{"confidence_level":0.95,"lower_bound":2.2389477748227065,"upper_bound":3.7178297241602283},"point_estimate":2.6863964655159847,"standard_error":0.38041730235027027},"slope":{"confidence_interval":{"confidence_level":0.95,"lower_bound":1084.161188357143,"upper_bound":1089.6532877127795},"point_estimate":1086.603438127969,"standard_error":1.4183724762225904},"std_dev":{"confidence_interval":{"confidence_level":0.95,"lower_bound":6.132131434447552,"upper_bound":11.824148589997106},"point_estimate":9.19636526799232,"standard_error":1.457590870518389}}