{"mean":{"confidence_interval":{"confidence_level":0.95,"lower_bound":-0.014781210452081976,"upper_bound":-0.001705747320745639},"point_estimate":-0.00769470058498678,"standard_error":0.0033332037416377914},"median":{"confidence_interval":{"confidence_level":0.95,"lower_bound":-0.005765936138192873,"upper_bound":0.0011610429138790845},"point_estimate":-0.002255815579414455,"standard_error":0.001680445004043946}}