{"mean":{"confidence_interval":{"confidence_level":0.95,"lower_bound":-0.0829476773910127,"upper_bound":-0.04397086076967656},"point_estimate":-0.06411625087919137,"standard_error":0.00992096548137898},"median":{"confidence_interval":{"confidence_level":0.95,"lower_bound":-0.07344554261416014,"upper_bound":-0.05852998001120402},"point_estimate":-0.06762833425305903,"standard_error":0.0037085551039875873}}