{"mean":{"confidence_interval":{"confidence_level":0.95,"lower_bound":2361831.5,"upper_bound":2725579.4875},"point_estimate":2519681.0,"standard_error":93192.61015820585},"median":{"confidence_interval":{"confidence_level":0.95,"lower_bound":2280650.0,"upper_bound":2369450.0},"point_estimate":2332975.0,"standard_error":19021.761716331097},"median_abs_dev":{"confidence_interval":{"confidence_level":0.95,"lower_bound":109897.7230489254,"upper_bound":189772.79663085938},"point_estimate":143107.9624593258,"standard_error":21495.59278869461},"slope":null,"std_dev":{"confidence_interval":{"confidence_level":0.95,"lower_bound":207073.2627878,"upper_bound":1392851.8854861401},"point_estimate":938517.4401919468,"standard_error":281659.1102152193}}