{"mean":{"confidence_interval":{"confidence_level":0.95,"lower_bound":-0.03748190796264846,"upper_bound":-0.013844910464203216},"point_estimate":-0.02436007814931762,"standard_error":0.006058663593945458},"median":{"confidence_interval":{"confidence_level":0.95,"lower_bound":-0.014598060407942648,"upper_bound":-0.006212503658037716},"point_estimate":-0.010100140439082361,"standard_error":0.0022299521893210964}}