{"mean":{"confidence_interval":{"confidence_level":0.95,"lower_bound":-0.04322293592296133,"upper_bound":0.004932388246847958},"point_estimate":-0.018708131755872826,"standard_error":0.012277789902957702},"median":{"confidence_interval":{"confidence_level":0.95,"lower_bound":-0.03489953715743721,"upper_bound":0.000711634342946299},"point_estimate":-0.017031955331392346,"standard_error":0.008908353957123395}}