{"mean":{"confidence_interval":{"confidence_level":0.95,"lower_bound":-0.06837374766471913,"upper_bound":-0.03414957913984209},"point_estimate":-0.051182544739286295,"standard_error":0.008761063308273195},"median":{"confidence_interval":{"confidence_level":0.95,"lower_bound":-0.03180631730224093,"upper_bound":-0.024625619330551185},"point_estimate":-0.02734761040285172,"standard_error":0.0015667259755435831}}