{"mean":{"confidence_interval":{"confidence_level":0.95,"lower_bound":-0.03116608735643658,"upper_bound":0.004035539610000192},"point_estimate":-0.012572827187204316,"standard_error":0.009028010573942643},"median":{"confidence_interval":{"confidence_level":0.95,"lower_bound":-0.00867825469412642,"upper_bound":0.007996426626592149},"point_estimate":0.0009587478789103709,"standard_error":0.0040311014800758155}}