{"mean":{"confidence_interval":{"confidence_level":0.95,"lower_bound":-0.026225317566626227,"upper_bound":0.010397434294622716},"point_estimate":-0.006102884484463722,"standard_error":0.009409608091374217},"median":{"confidence_interval":{"confidence_level":0.95,"lower_bound":0.00966529965014562,"upper_bound":0.021294961095386228},"point_estimate":0.016411130184844414,"standard_error":0.0027737259422996284}}