{"mean":{"confidence_interval":{"confidence_level":0.95,"lower_bound":-0.14697724629610628,"upper_bound":-0.11283426597333374},"point_estimate":-0.12986834761447363,"standard_error":0.00863176016022298},"median":{"confidence_interval":{"confidence_level":0.95,"lower_bound":-0.13672259755883936,"upper_bound":-0.10647974639613167},"point_estimate":-0.12175306068841074,"standard_error":0.007818039485607896}}