{"mean":{"confidence_interval":{"confidence_level":0.95,"lower_bound":-0.04076001675656346,"upper_bound":0.01338096215647457},"point_estimate":-0.014285012405566677,"standard_error":0.014097276430251458},"median":{"confidence_interval":{"confidence_level":0.95,"lower_bound":-0.024762964027280954,"upper_bound":-0.0012248687707733241},"point_estimate":-0.014057231429200567,"standard_error":0.006006864425594393}}