{"mean":{"confidence_interval":{"confidence_level":0.95,"lower_bound":-0.031142891075385086,"upper_bound":-0.014533820373243486},"point_estimate":-0.02279503203211164,"standard_error":0.004214493212182417},"median":{"confidence_interval":{"confidence_level":0.95,"lower_bound":-0.023423070144137248,"upper_bound":-0.008159773907196466},"point_estimate":-0.015569913160001447,"standard_error":0.004132964274061916}}