{"mean":{"confidence_interval":{"confidence_level":0.95,"lower_bound":-0.07419944411052991,"upper_bound":-0.04743756005139155},"point_estimate":-0.0601900877942928,"standard_error":0.006844303459037248},"median":{"confidence_interval":{"confidence_level":0.95,"lower_bound":-0.039923959305404155,"upper_bound":-0.026880136079716732},"point_estimate":-0.030435725465155605,"standard_error":0.0038459377603415907}}