{"mean":{"confidence_interval":{"confidence_level":0.95,"lower_bound":-0.004729799872911135,"upper_bound":0.017526126050505075},"point_estimate":0.002728762919181671,"standard_error":0.005521440724282661},"median":{"confidence_interval":{"confidence_level":0.95,"lower_bound":-0.005031971600863448,"upper_bound":0.0026731149756354846},"point_estimate":-0.0008436864120648924,"standard_error":0.0019699297746812346}}