{"mean":{"confidence_interval":{"confidence_level":0.95,"lower_bound":16545334.925,"upper_bound":22571607.325},"point_estimate":18648234.0,"standard_error":1859840.3020454915},"median":{"confidence_interval":{"confidence_level":0.95,"lower_bound":16076100.0,"upper_bound":17401100.0},"point_estimate":16879600.0,"standard_error":373087.9325448054},"median_abs_dev":{"confidence_interval":{"confidence_level":0.95,"lower_bound":1286081.347167492,"upper_bound":2024505.0900578464},"point_estimate":1648651.1707305908,"standard_error":190670.38109342923},"slope":null,"std_dev":{"confidence_interval":{"confidence_level":0.95,"lower_bound":1364471.3240375933,"upper_bound":31944938.944168195},"point_estimate":18665037.459293034,"standard_error":10987321.081497192}}