{"mean":{"confidence_interval":{"confidence_level":0.95,"lower_bound":-0.02179658358642171,"upper_bound":-0.005488052369426205},"point_estimate":-0.01338539678881756,"standard_error":0.004167634259386437},"median":{"confidence_interval":{"confidence_level":0.95,"lower_bound":-0.010279441608471163,"upper_bound":-0.0002660691796824155},"point_estimate":-0.004479308129741066,"standard_error":0.002581645789807165}}