{"mean":{"confidence_interval":{"confidence_level":0.95,"lower_bound":-0.002188493651463598,"upper_bound":0.01745075285930032},"point_estimate":0.006822801234150022,"standard_error":0.005121270900206246},"median":{"confidence_interval":{"confidence_level":0.95,"lower_bound":-0.00321191339850857,"upper_bound":0.0018792069417599144},"point_estimate":-0.00009297952289999412,"standard_error":0.0013211604920917294}}