{"mean":{"confidence_interval":{"confidence_level":0.95,"lower_bound":-0.016623897527267367,"upper_bound":0.001241776706843778},"point_estimate":-0.006691345092451062,"standard_error":0.004572904534555049},"median":{"confidence_interval":{"confidence_level":0.95,"lower_bound":-0.00579127625476461,"upper_bound":0.005532101540640433},"point_estimate":0.000034829751210940785,"standard_error":0.0030408620482158355}}