{"mean":{"confidence_interval":{"confidence_level":0.95,"lower_bound":-0.08941016464179528,"upper_bound":-0.036424822679593724},"point_estimate":-0.061162664565032276,"standard_error":0.013618023190655183},"median":{"confidence_interval":{"confidence_level":0.95,"lower_bound":-0.04831727178664358,"upper_bound":-0.013872809667937025},"point_estimate":-0.02364108993915437,"standard_error":0.007124193551513008}}