{"mean":{"confidence_interval":{"confidence_level":0.95,"lower_bound":-0.07777339249195334,"upper_bound":-0.0682888328211454},"point_estimate":-0.07293281252461759,"standard_error":0.0024207610720185448},"median":{"confidence_interval":{"confidence_level":0.95,"lower_bound":-0.07688130624479317,"upper_bound":-0.06844918297163932},"point_estimate":-0.07364496763282125,"standard_error":0.0022574459942774827}}