{"mean":{"confidence_interval":{"confidence_level":0.95,"lower_bound":0.02743493053542839,"upper_bound":0.05442599298484357},"point_estimate":0.039969800269089806,"standard_error":0.007120262865594145},"median":{"confidence_interval":{"confidence_level":0.95,"lower_bound":0.019591135000324833,"upper_bound":0.03381778071325714},"point_estimate":0.025849655181302555,"standard_error":0.0036405567243446963}}