{"mean":{"confidence_interval":{"confidence_level":0.95,"lower_bound":-0.06668576133632446,"upper_bound":-0.03543856452895555},"point_estimate":-0.05024747256064066,"standard_error":0.007960915996348154},"median":{"confidence_interval":{"confidence_level":0.95,"lower_bound":-0.029660884740338123,"upper_bound":-0.0192024761775067},"point_estimate":-0.02218674826528877,"standard_error":0.0027603441509034673}}