{"mean":{"confidence_interval":{"confidence_level":0.95,"lower_bound":3497.7892820314564,"upper_bound":3548.8567838037934},"point_estimate":3521.264708272321,"standard_error":13.130944136711616},"median":{"confidence_interval":{"confidence_level":0.95,"lower_bound":3462.7162225338943,"upper_bound":3490.5017921146955},"point_estimate":3473.0361161719,"standard_error":6.980503740601219},"median_abs_dev":{"confidence_interval":{"confidence_level":0.95,"lower_bound":32.707537053733546,"upper_bound":60.68435808251369},"point_estimate":40.02692078218013,"standard_error":7.485110418680899},"slope":{"confidence_interval":{"confidence_level":0.95,"lower_bound":3458.98738158069,"upper_bound":3474.528365750431},"point_estimate":3466.400210170271,"standard_error":3.9806421632983575},"std_dev":{"confidence_interval":{"confidence_level":0.95,"lower_bound":90.07918218067809,"upper_bound":172.8082008557449},"point_estimate":131.92179328640592,"standard_error":21.546082278176915}}