{"mean":{"confidence_interval":{"confidence_level":0.95,"lower_bound":-0.0022665596214694055,"upper_bound":0.007247982370553673},"point_estimate":0.002553298151098282,"standard_error":0.002412431842423134},"median":{"confidence_interval":{"confidence_level":0.95,"lower_bound":-0.0016517833942041316,"upper_bound":0.007137844438294572},"point_estimate":0.0020291840236850156,"standard_error":0.0022662547389274527}}