{"mean":{"confidence_interval":{"confidence_level":0.95,"lower_bound":-0.07484752757518154,"upper_bound":-0.042601243945591796},"point_estimate":-0.06028929409550732,"standard_error":0.008169086154707204},"median":{"confidence_interval":{"confidence_level":0.95,"lower_bound":-0.06890735758694377,"upper_bound":-0.060929564308758954},"point_estimate":-0.06456374041663515,"standard_error":0.0021383594935426927}}