{"mean":{"confidence_interval":{"confidence_level":0.95,"lower_bound":-0.04574452668066692,"upper_bound":-0.02228285924074203},"point_estimate":-0.03322294081364052,"standard_error":0.005992571748656437},"median":{"confidence_interval":{"confidence_level":0.95,"lower_bound":-0.022047583256456282,"upper_bound":-0.01877792903973552},"point_estimate":-0.020417538309254968,"standard_error":0.0007938659746907367}}