{"mean":{"confidence_interval":{"confidence_level":0.95,"lower_bound":-0.5239719263649929,"upper_bound":-0.4648975424123329},"point_estimate":-0.4968383823137684,"standard_error":0.015031353945491936},"median":{"confidence_interval":{"confidence_level":0.95,"lower_bound":-0.5986276022228717,"upper_bound":-0.5495980760046844},"point_estimate":-0.5675238328853658,"standard_error":0.014647090034182193}}