{"mean":{"confidence_interval":{"confidence_level":0.95,"lower_bound":-0.3361354690808953,"upper_bound":-0.2640425770332729},"point_estimate":-0.3021926239257474,"standard_error":0.018428027250933954},"median":{"confidence_interval":{"confidence_level":0.95,"lower_bound":-0.22864783785191822,"upper_bound":-0.20946152742673152},"point_estimate":-0.2188088067683851,"standard_error":0.004941815711857793}}