{"mean":{"confidence_interval":{"confidence_level":0.95,"lower_bound":-0.06210280354004172,"upper_bound":-0.019068390007892472},"point_estimate":-0.04091137997455119,"standard_error":0.010951200102081305},"median":{"confidence_interval":{"confidence_level":0.95,"lower_bound":-0.046760803437488896,"upper_bound":-0.004397977223982608},"point_estimate":-0.01434199106312739,"standard_error":0.011806125837228879}}