{"mean":{"confidence_interval":{"confidence_level":0.95,"lower_bound":-0.20162393977364573,"upper_bound":-0.17880554988003816},"point_estimate":-0.19137010723749714,"standard_error":0.005815024209208345},"median":{"confidence_interval":{"confidence_level":0.95,"lower_bound":-0.19918479075204132,"upper_bound":-0.18515195568057474},"point_estimate":-0.1909660256751633,"standard_error":0.003951731845155813}}